date,temp_max,temp_min,rainfall,Region
2025-09-01,20.7,9.3,0.2,Sydney_CBD
2025-09-02,20.2,10.9,32.8,Sydney_CBD
2025-09-03,22.5,10.4,0.0,Sydney_CBD
2025-09-04,23.6,14.1,0.2,Sydney_CBD
2025-09-05,19.8,11.2,0.0,Sydney_CBD
2025-09-06,21.1,11.0,0.0,Sydney_CBD
2025-09-07,22.3,11.5,0.0,Sydney_CBD
2025-09-08,29.0,16.2,0.0,Sydney_CBD
2025-09-09,26.1,16.1,2.2,Sydney_CBD
2025-09-10,17.1,16.1,6.8,Sydney_CBD
2025-09-11,17.5,9.7,122.0,Sydney_CBD
2025-09-12,21.1,9.6,8.4,Sydney_CBD
2025-09-13,21.3,10.5,0.0,Sydney_CBD
2025-09-14,23.9,11.1,0.0,Sydney_CBD
2025-09-15,27.9,11.1,0.0,Sydney_CBD
2025-09-16,27.0,18.7,0.0,Sydney_CBD
2025-09-17,27.2,18.3,0.0,Sydney_CBD
2025-09-18,21.2,11.3,0.2,Sydney_CBD
2025-09-19,24.9,11.4,0.0,Sydney_CBD
2025-09-20,22.5,15.9,3.6,Sydney_CBD
2025-09-21,22.9,10.6,0.0,Sydney_CBD
2025-09-22,23.2,12.2,0.0,Sydney_CBD
2025-09-23,18.5,8.1,2.2,Sydney_CBD
2025-09-24,26.1,9.6,0.0,Sydney_CBD
2025-09-25,26.1,11.7,0.0,Sydney_CBD
2025-09-26,28.2,17.0,0.0,Sydney_CBD
2025-09-27,28.6,20.3,0.0,Sydney_CBD
2025-09-28,25.2,18.6,0.0,Sydney_CBD
2025-09-29,24.0,16.1,0.0,Sydney_CBD
2025-09-30,25.6,15.5,0.0,Sydney_CBD
2025-10-01,27.0,19.0,0.0,Sydney_CBD
2025-10-02,25.4,15.5,0.0,Sydney_CBD
2025-10-03,25.5,12.1,0.0,Sydney_CBD
2025-10-04,24.5,13.6,0.0,Sydney_CBD
2025-10-05,25.9,13.8,0.0,Sydney_CBD
2025-10-06,31.8,16.1,0.0,Sydney_CBD
2025-10-07,22.7,16.3,3.8,Sydney_CBD
2025-10-08,28.3,15.8,0.0,Sydney_CBD
2025-10-09,26.9,20.0,0.0,Sydney_CBD
2025-10-10,30.6,17.0,0.0,Sydney_CBD
2025-10-11,30.5,17.5,0.0,Sydney_CBD
2025-10-12,31.7,18.4,0.0,Sydney_CBD
2025-10-13,23.6,15.1,0.2,Sydney_CBD
2025-10-14,27.1,13.4,0.2,Sydney_CBD
2025-10-15,26.1,14.6,0.0,Sydney_CBD
2025-10-16,27.1,16.1,0.0,Sydney_CBD
2025-10-17,32.8,18.4,0.0,Sydney_CBD
2025-10-18,23.6,15.7,0.6,Sydney_CBD
2025-10-19,25.5,15.7,0.0,Sydney_CBD
2025-10-20,36.0,17.6,0.0,Sydney_CBD
2025-10-21,24.6,17.7,0.0,Sydney_CBD
2025-10-22,37.0,18.9,0.0,Sydney_CBD
2025-10-23,23.4,17.1,0.0,Sydney_CBD
2025-10-24,24.9,17.5,0.0,Sydney_CBD
2025-10-25,24.6,14.6,0.0,Sydney_CBD
2025-10-26,26.0,16.8,0.0,Sydney_CBD
2025-10-27,25.9,17.4,0.6,Sydney_CBD
2025-10-28,17.9,12.9,0.2,Sydney_CBD
2025-10-29,17.4,12.4,4.6,Sydney_CBD
2025-10-30,24.5,13.9,17.8,Sydney_CBD
2025-10-31,24.9,15.3,0.4,Sydney_CBD
2025-11-01,22.7,16.4,11.4,Sydney_CBD
2025-11-02,25.0,18.1,1.0,Sydney_CBD
2025-11-03,25.2,17.9,0.0,Sydney_CBD
2025-11-04,23.0,17.3,8.4,Sydney_CBD
2025-11-05,27.1,13.9,0.0,Sydney_CBD
2025-11-06,25.2,13.6,0.0,Sydney_CBD
2025-11-07,24.7,18.2,0.0,Sydney_CBD
2025-11-08,30.3,20.0,0.0,Sydney_CBD
2025-11-09,22.2,16.2,0.4,Sydney_CBD
2025-11-10,23.6,14.7,0.0,Sydney_CBD
2025-11-11,28.7,14.5,0.0,Sydney_CBD
2025-11-12,22.2,11.4,0.0,Sydney_CBD
2025-11-13,26.3,12.7,0.0,Sydney_CBD
2025-11-14,24.5,17.3,0.0,Sydney_CBD
2025-11-15,25.2,18.9,0.0,Sydney_CBD
2025-11-16,31.5,19.5,0.4,Sydney_CBD
2025-11-17,23.7,18.4,0.0,Sydney_CBD
2025-11-18,26.7,14.4,0.0,Sydney_CBD
2025-11-19,29.3,16.0,0.0,Sydney_CBD
2025-11-20,25.5,18.5,0.0,Sydney_CBD
2025-11-21,20.8,15.6,2.6,Sydney_CBD
2025-11-22,22.4,15.9,4.8,Sydney_CBD
2025-11-23,28.2,18.3,11.2,Sydney_CBD
2025-11-24,25.6,17.7,0.0,Sydney_CBD
2025-11-25,28.9,17.2,0.0,Sydney_CBD
2025-11-26,34.4,19.3,0.0,Sydney_CBD
2025-11-27,32.3,18.5,1.8,Sydney_CBD
2025-11-28,28.6,17.7,0.0,Sydney_CBD
2025-11-29,31.8,20.4,0.0,Sydney_CBD
2025-11-30,28.5,17.5,0.0,Sydney_CBD
2025-12-01,24.6,15.0,0.0,Sydney_CBD
2025-12-02,22.9,13.3,0.0,Sydney_CBD
2025-12-03,26.3,14.0,0.0,Sydney_CBD
2025-12-04,29.6,16.4,0.0,Sydney_CBD
2025-12-05,37.8,18.2,0.0,Sydney_CBD
2025-12-06,33.8,22.5,0.0,Sydney_CBD
2025-12-07,23.5,19.8,1.6,Sydney_CBD
2025-12-08,27.2,18.1,0.0,Sydney_CBD
2025-12-09,31.9,18.8,0.0,Sydney_CBD
2025-12-10,28.3,18.3,0.0,Sydney_CBD
2025-12-11,26.4,19.4,0.8,Sydney_CBD
2025-12-12,22.7,19.0,3.0,Sydney_CBD
2025-12-13,27.3,16.5,1.6,Sydney_CBD
2025-12-14,32.5,18.5,6.2,Sydney_CBD
2025-12-15,26.4,19.1,0.2,Sydney_CBD
2025-12-16,23.8,16.8,0.6,Sydney_CBD
2025-12-17,27.4,18.1,0.2,Sydney_CBD
2025-12-18,30.8,18.8,0.0,Sydney_CBD
2025-12-19,42.2,21.5,0.0,Sydney_CBD
2025-12-20,34.4,23.0,2.4,Sydney_CBD
2025-12-21,35.0,23.2,0.6,Sydney_CBD
2025-12-22,32.3,23.4,1.0,Sydney_CBD
2025-12-23,33.4,20.8,0.4,Sydney_CBD
2025-12-24,31.2,18.2,0.2,Sydney_CBD
2025-12-25,23.7,18.9,0.0,Sydney_CBD
2025-12-26,18.7,15.0,0.0,Sydney_CBD
2025-12-27,23.6,15.0,0.2,Sydney_CBD
2025-12-28,23.9,15.2,0.0,Sydney_CBD
2025-12-29,25.5,14.9,0.0,Sydney_CBD
2025-12-30,25.7,15.1,0.0,Sydney_CBD
2025-12-31,24.9,16.8,0.0,Sydney_CBD
2026-01-01,21.5,17.9,2.8,Sydney_CBD
2026-01-02,26.0,17.3,3.0,Sydney_CBD
2026-01-03,26.1,17.5,2.4,Sydney_CBD
2026-01-04,32.3,19.7,0.2,Sydney_CBD
2026-01-05,29.2,19.2,1.2,Sydney_CBD
2026-01-06,29.7,20.3,0.0,Sydney_CBD
2026-01-07,30.4,20.7,0.0,Sydney_CBD
2026-01-08,33.2,21.5,0.0,Sydney_CBD
2026-01-09,33.3,21.3,0.0,Sydney_CBD
2026-01-10,42.2,23.0,0.0,Sydney_CBD
2026-01-11,22.0,21.1,0.0,Sydney_CBD
2026-01-12,21.6,17.5,5.2,Sydney_CBD
2026-01-13,28.1,18.5,3.6,Sydney_CBD
2026-01-14,27.3,21.0,0.2,Sydney_CBD
2026-01-15,27.0,19.9,3.6,Sydney_CBD
2026-01-16,28.1,20.0,0.2,Sydney_CBD
2026-01-17,23.4,20.6,1.2,Sydney_CBD
2026-01-18,24.8,18.6,126.8,Sydney_CBD
2026-01-19,25.9,18.2,7.6,Sydney_CBD
2026-01-20,26.0,17.4,2.8,Sydney_CBD
2026-01-21,26.4,16.8,0.0,Sydney_CBD
2026-01-22,25.1,18.4,0.0,Sydney_CBD
2026-01-23,24.8,18.1,0.0,Sydney_CBD
2026-01-24,27.7,17.9,0.0,Sydney_CBD
2026-01-25,32.6,20.1,0.0,Sydney_CBD
2026-01-26,25.8,21.7,0.0,Sydney_CBD
2026-01-27,27.7,19.7,0.0,Sydney_CBD
2026-01-28,28.5,18.1,0.0,Sydney_CBD
2026-01-29,29.5,21.8,0.0,Sydney_CBD
2026-01-30,29.5,20.5,0.0,Sydney_CBD
2026-01-31,29.3,21.9,0.0,Sydney_CBD
2026-02-01,28.1,22.8,0.0,Sydney_CBD
2026-02-02,22.6,17.4,8.0,Sydney_CBD
2026-02-03,25.2,16.0,1.8,Sydney_CBD
2026-02-04,27.3,17.7,0.0,Sydney_CBD
2026-02-05,34.6,20.1,0.0,Sydney_CBD
2026-02-06,30.0,20.6,0.0,Sydney_CBD
2026-02-07,30.1,21.9,0.0,Sydney_CBD
2026-02-08,23.8,23.1,0.2,Sydney_CBD
2026-02-09,29.1,21.4,4.4,Sydney_CBD
2026-02-10,29.0,21.2,1.4,Sydney_CBD
2026-02-11,31.7,20.9,0.0,Sydney_CBD
2026-02-12,24.2,22.8,0.0,Sydney_CBD
2026-02-13,22.1,18.4,1.2,Sydney_CBD
2026-02-14,25.9,17.8,5.0,Sydney_CBD
2026-02-15,25.4,18.3,0.6,Sydney_CBD
2026-02-16,27.2,17.1,5.6,Sydney_CBD
2026-02-17,28.0,17.9,0.8,Sydney_CBD
2026-02-18,36.6,20.0,0.0,Sydney_CBD
2026-02-19,28.0,20.2,15.0,Sydney_CBD
2026-02-20,26.1,21.4,0.2,Sydney_CBD
2026-02-21,32.2,22.5,0.0,Sydney_CBD
2026-02-22,31.6,22.0,0.2,Sydney_CBD
2026-02-23,29.3,23.7,0.2,Sydney_CBD
2026-02-24,30.3,21.3,0.0,Sydney_CBD
2026-02-25,30.4,21.8,0.0,Sydney_CBD
2026-02-26,26.6,19.7,0.0,Sydney_CBD
2026-02-27,24.1,20.0,85.8,Sydney_CBD
2026-02-28,26.8,20.8,4.0,Sydney_CBD
2025-09-01,16.8,8.2,0.0,Western_Sydney
2025-09-02,19.6,9.5,0.0,Western_Sydney
2025-09-03,20.8,6.4,10.2,Western_Sydney
2025-09-04,22.3,9.7,0.0,Western_Sydney
2025-09-05,22.5,12.6,0.0,Western_Sydney
2025-09-06,16.4,10.6,0.4,Western_Sydney
2025-09-07,19.6,9.2,0.6,Western_Sydney
2025-09-08,22.9,8.3,0.0,Western_Sydney
2025-09-09,22.1,12.4,0.0,Western_Sydney
2025-09-10,20.2,15.4,0.0,Western_Sydney
2025-09-11,15.5,9.3,4.8,Western_Sydney
2025-09-12,19.1,7.4,0.0,Western_Sydney
2025-09-13,19.7,10.0,0.4,Western_Sydney
2025-09-14,21.2,10.4,0.0,Western_Sydney
2025-09-15,22.9,10.3,0.0,Western_Sydney
2025-09-16,23.6,10.1,0.0,Western_Sydney
2025-09-17,27.6,13.0,0.0,Western_Sydney
2025-09-18,26.1,15.7,0.0,Western_Sydney
2025-09-19,27.3,13.9,0.0,Western_Sydney
2025-09-20,19.8,14.4,10.8,Western_Sydney
2025-09-21,23.1,12.4,0.6,Western_Sydney
2025-09-22,24.1,10.0,0.0,Western_Sydney
2025-09-23,24.1,9.4,0.0,Western_Sydney
2025-09-24,22.2,9.4,0.0,Western_Sydney
2025-09-25,23.3,10.0,0.0,Western_Sydney
2025-09-26,25.1,10.7,0.0,Western_Sydney
2025-09-27,25.4,12.7,0.0,Western_Sydney
2025-09-28,27.8,12.3,0.0,Western_Sydney
2025-09-29,29.4,14.9,0.0,Western_Sydney
2025-09-30,27.4,15.3,0.0,Western_Sydney
2025-10-01,29.4,14.9,0.0,Western_Sydney
2025-10-02,26.4,14.7,0.0,Western_Sydney
2025-10-03,25.3,12.7,0.0,Western_Sydney
2025-10-04,23.2,12.2,0.0,Western_Sydney
2025-10-05,26.2,12.9,0.0,Western_Sydney
2025-10-06,29.8,14.1,0.0,Western_Sydney
2025-10-07,30.7,14.2,0.0,Western_Sydney
2025-10-08,30.1,15.9,0.0,Western_Sydney
2025-10-09,29.7,15.5,0.0,Western_Sydney
2025-10-10,30.3,16.7,0.0,Western_Sydney
2025-10-11,32.4,16.2,0.0,Western_Sydney
2025-10-12,29.0,16.2,0.0,Western_Sydney
2025-10-13,29.1,16.4,1.4,Western_Sydney
2025-10-14,27.0,14.0,0.2,Western_Sydney
2025-10-15,27.0,13.6,0.0,Western_Sydney
2025-10-16,25.9,14.1,0.0,Western_Sydney
2025-10-17,28.7,13.0,0.0,Western_Sydney
2025-10-18,30.7,15.9,2.0,Western_Sydney
2025-10-19,25.0,15.0,3.0,Western_Sydney
2025-10-20,30.6,16.2,0.0,Western_Sydney
2025-10-21,33.1,16.1,0.0,Western_Sydney
2025-10-22,33.2,15.4,0.0,Western_Sydney
2025-10-23,29.6,19.6,0.0,Western_Sydney
2025-10-24,31.0,15.3,0.0,Western_Sydney
2025-10-25,24.9,14.4,0.0,Western_Sydney
2025-10-26,32.8,14.9,0.0,Western_Sydney
2025-10-27,33.4,18.7,0.0,Western_Sydney
2025-10-28,13.9,12.3,31.0,Western_Sydney
2025-10-29,21.6,11.3,50.2,Western_Sydney
2025-10-30,25.7,13.2,0.6,Western_Sydney
2025-10-31,27.7,16.6,1.8,Western_Sydney
2025-11-01,27.0,16.5,0.2,Western_Sydney
2025-11-02,28.2,16.3,28.2,Western_Sydney
2025-11-03,30.6,16.5,0.6,Western_Sydney
2025-11-04,24.6,16.7,0.0,Western_Sydney
2025-11-05,26.0,14.2,6.0,Western_Sydney
2025-11-06,24.9,12.6,0.0,Western_Sydney
2025-11-07,26.1,12.6,0.0,Western_Sydney
2025-11-08,29.3,14.9,1.0,Western_Sydney
2025-11-09,24.6,17.1,4.2,Western_Sydney
2025-11-10,20.3,13.9,0.8,Western_Sydney
2025-11-11,26.1,11.6,2.0,Western_Sydney
2025-11-12,23.1,12.5,0.0,Western_Sydney
2025-11-13,26.1,12.2,0.0,Western_Sydney
2025-11-14,22.1,15.0,1.2,Western_Sydney
2025-11-15,27.7,13.4,4.4,Western_Sydney
2025-11-16,23.7,13.6,15.8,Western_Sydney
2025-11-17,27.1,17.8,8.0,Western_Sydney
2025-11-18,25.4,14.6,0.0,Western_Sydney
2025-11-19,26.8,14.4,0.0,Western_Sydney
2025-11-20,29.4,15.6,0.0,Western_Sydney
2025-11-21,26.2,16.1,1.2,Western_Sydney
2025-11-22,24.8,16.7,3.8,Western_Sydney
2025-11-23,30.3,16.5,4.8,Western_Sydney
2025-11-24,30.9,18.5,0.0,Western_Sydney
2025-11-25,33.3,17.9,0.0,Western_Sydney
2025-11-26,30.1,17.3,18.0,Western_Sydney
2025-11-27,32.7,17.2,7.2,Western_Sydney
2025-11-28,31.8,19.7,0.0,Western_Sydney
2025-11-29,29.0,19.5,0.0,Western_Sydney
2025-11-30,30.1,18.4,2.0,Western_Sydney
2025-12-01,27.8,16.2,0.0,Western_Sydney
2025-12-02,23.3,14.7,0.0,Western_Sydney
2025-12-03,25.3,11.9,0.0,Western_Sydney
2025-12-04,27.8,13.7,0.0,Western_Sydney
2025-12-05,30.7,15.0,0.0,Western_Sydney
2025-12-06,31.7,16.3,0.0,Western_Sydney
2025-12-07,29.2,17.8,0.0,Western_Sydney
2025-12-08,26.1,14.6,25.4,Western_Sydney
2025-12-09,30.2,16.8,0.0,Western_Sydney
2025-12-10,29.5,19.8,0.0,Western_Sydney
2025-12-11,26.8,17.0,0.0,Western_Sydney
2025-12-12,24.4,16.7,1.8,Western_Sydney
2025-12-13,27.5,15.3,26.4,Western_Sydney
2025-12-14,31.4,16.6,0.0,Western_Sydney
2025-12-15,30.4,19.5,0.0,Western_Sydney
2025-12-16,20.7,16.1,4.0,Western_Sydney
2025-12-17,22.7,15.1,0.0,Western_Sydney
2025-12-18,27.2,14.9,0.0,Western_Sydney
2025-12-19,32.8,15.3,0.0,Western_Sydney
2025-12-20,34.2,18.0,0.0,Western_Sydney
2025-12-21,34.3,18.8,0.0,Western_Sydney
2025-12-22,32.5,21.9,0.0,Western_Sydney
2025-12-23,26.0,20.6,9.8,Western_Sydney
2025-12-24,27.3,19.8,1.8,Western_Sydney
2025-12-25,32.1,16.5,11.0,Western_Sydney
2025-12-26,25.4,16.5,0.2,Western_Sydney
2025-12-27,18.5,12.7,9.2,Western_Sydney
2025-12-28,24.0,12.9,1.6,Western_Sydney
2025-12-29,24.5,11.1,0.0,Western_Sydney
2025-12-30,25.6,12.9,0.0,Western_Sydney
2025-12-31,30.2,13.7,0.0,Western_Sydney
2026-01-01,27.6,15.4,1.0,Western_Sydney
2026-01-02,20.7,16.5,1.6,Western_Sydney
2026-01-03,27.1,15.7,6.4,Western_Sydney
2026-01-04,25.5,16.7,0.6,Western_Sydney
2026-01-05,28.0,17.4,2.2,Western_Sydney
2026-01-06,27.7,13.6,19.2,Western_Sydney
2026-01-07,27.6,17.2,4.6,Western_Sydney
2026-01-08,28.1,16.9,0.2,Western_Sydney
2026-01-09,27.4,15.7,0.0,Western_Sydney
2026-01-10,30.2,17.9,0.0,Western_Sydney
2026-01-11,32.8,19.0,0.0,Western_Sydney
2026-01-12,22.8,16.3,0.0,Western_Sydney
2026-01-13,28.5,17.8,0.8,Western_Sydney
2026-01-14,29.1,18.4,0.0,Western_Sydney
2026-01-15,28.3,17.4,0.0,Western_Sydney
2026-01-16,31.6,18.4,6.0,Western_Sydney
2026-01-17,28.0,20.0,0.0,Western_Sydney
2026-01-18,22.4,18.8,0.6,Western_Sydney
2026-01-19,22.9,17.3,14.2,Western_Sydney
2026-01-20,25.2,15.1,4.6,Western_Sydney
2026-01-21,27.1,14.6,0.0,Western_Sydney
2026-01-22,32.6,16.0,0.0,Western_Sydney
2026-01-23,19.5,17.6,1.8,Western_Sydney
2026-01-24,29.8,17.3,11.8,Western_Sydney
2026-01-25,35.3,18.0,0.0,Western_Sydney
2026-01-26,37.6,18.3,5.0,Western_Sydney
2026-01-27,26.0,18.7,4.0,Western_Sydney
2026-01-28,28.8,17.3,0.0,Western_Sydney
2026-01-29,27.2,16.4,0.0,Western_Sydney
2026-01-30,26.7,16.9,0.0,Western_Sydney
2026-01-31,29.2,17.3,0.0,Western_Sydney
2026-02-01,35.2,18.8,0.0,Western_Sydney
2026-02-02,20.4,20.0,0.2,Western_Sydney
2026-02-03,22.0,13.7,21.2,Western_Sydney
2026-02-04,26.5,14.2,0.2,Western_Sydney
2026-02-05,31.6,15.7,0.0,Western_Sydney
2026-02-06,30.6,16.9,0.0,Western_Sydney
2026-02-07,29.2,15.6,0.0,Western_Sydney
2026-02-08,29.1,15.9,0.0,Western_Sydney
2026-02-09,29.3,17.9,0.0,Western_Sydney
2026-02-10,27.1,18.6,2.4,Western_Sydney
2026-02-11,31.8,18.5,0.0,Western_Sydney
2026-02-12,35.7,19.5,0.0,Western_Sydney
2026-02-13,18.3,15.8,32.0,Western_Sydney
2026-02-14,18.8,16.1,35.2,Western_Sydney
2026-02-15,19.5,16.0,8.0,Western_Sydney
2026-02-16,24.5,14.7,5.6,Western_Sydney
2026-02-17,25.2,14.2,0.6,Western_Sydney
2026-02-18,30.9,15.1,0.0,Western_Sydney
2026-02-19,33.2,17.0,0.0,Western_Sydney
2026-02-20,29.2,20.1,0.0,Western_Sydney
2026-02-21,29.6,17.0,0.0,Western_Sydney
2026-02-22,28.6,17.0,0.0,Western_Sydney
2026-02-23,28.0,18.3,0.0,Western_Sydney
2026-02-24,27.1,17.8,0.0,Western_Sydney
2026-02-25,26.8,17.2,0.0,Western_Sydney
2026-02-26,27.0,18.2,0.2,Western_Sydney
2026-02-27,19.8,14.2,1.8,Western_Sydney
2026-02-28,24.7,16.9,28.2,Western_Sydney
2025-09-01,8.5,-4.0,0.1,South_West_Sydney
2025-09-02,6.7,-2.5,0.0,South_West_Sydney
2025-09-03,7.0,0.5,0.6,South_West_Sydney
2025-09-04,9.0,3.0,0.3,South_West_Sydney
2025-09-05,10.0,-5.0,10.0,South_West_Sydney
2025-09-06,11.5,-5.5,0.0,South_West_Sydney
2025-09-07,14.0,-2.0,0.0,South_West_Sydney
2025-09-08,12.5,6.0,19.5,South_West_Sydney
2025-09-09,11.0,1.5,0.0,South_West_Sydney
2025-09-10,7.0,-3.5,0.0,South_West_Sydney
2025-09-11,6.0,-0.5,9.5,South_West_Sydney
2025-09-12,10.0,-5.0,1.0,South_West_Sydney
2025-09-13,12.0,-3.5,0.0,South_West_Sydney
2025-09-14,10.5,-2.0,0.1,South_West_Sydney
2025-09-15,13.0,3.0,0.0,South_West_Sydney
2025-09-16,9.0,7.0,13.2,South_West_Sydney
2025-09-17,6.5,1.0,68.6,South_West_Sydney
2025-09-18,12.0,-5.0,3.2,South_West_Sydney
2025-09-19,18.0,0.0,0.0,South_West_Sydney
2025-09-20,18.0,1.0,21.2,South_West_Sydney
2025-09-21,18.0,1.0,0.0,South_West_Sydney
2025-09-22,18.0,0.5,12.6,South_West_Sydney
2025-09-23,18.0,-2.0,0.4,South_West_Sydney
2025-09-24,18.0,0.5,0.0,South_West_Sydney
2025-09-25,18.0,4.0,0.0,South_West_Sydney
2025-09-26,18.0,4.0,0.0,South_West_Sydney
2025-09-27,18.0,4.0,0.0,South_West_Sydney
2025-09-28,18.0,3.5,26.0,South_West_Sydney
2025-09-29,18.0,-2.7,0.0,South_West_Sydney
2025-09-30,18.0,-1.7,0.0,South_West_Sydney
2025-10-01,18.0,1.0,0.4,South_West_Sydney
2025-10-02,18.0,0.5,11.8,South_West_Sydney
2025-10-03,18.0,0.3,7.2,South_West_Sydney
2025-10-04,18.0,-2.0,0.0,South_West_Sydney
2025-10-05,18.0,0.0,0.0,South_West_Sydney
2025-10-06,18.0,8.8,1.9,South_West_Sydney
2025-10-07,18.0,8.8,0.0,South_West_Sydney
2025-10-08,18.0,1.4,6.8,South_West_Sydney
2025-10-09,18.0,8.0,24.4,South_West_Sydney
2025-10-10,18.0,5.4,0.0,South_West_Sydney
2025-10-11,18.0,5.3,0.0,South_West_Sydney
2025-10-12,18.0,4.5,0.0,South_West_Sydney
2025-10-13,18.0,1.3,10.8,South_West_Sydney
2025-10-14,18.0,-2.2,0.0,South_West_Sydney
2025-10-15,18.5,-2.5,0.0,South_West_Sydney
2025-10-16,19.0,-0.7,0.0,South_West_Sydney
2025-10-17,18.0,9.5,1.8,South_West_Sydney
2025-10-18,17.4,0.8,1.6,South_West_Sydney
2025-10-19,20.1,1.2,0.0,South_West_Sydney
2025-10-20,20.8,13.2,0.0,South_West_Sydney
2025-10-21,20.5,10.5,0.4,South_West_Sydney
2025-10-22,16.7,12.4,3.9,South_West_Sydney
2025-10-23,17.0,1.0,54.0,South_West_Sydney
2025-10-24,13.5,-2.0,0.2,South_West_Sydney
2025-10-25,14.6,2.7,0.0,South_West_Sydney
2025-10-26,12.8,5.0,6.6,South_West_Sydney
2025-10-27,9.8,4.8,26.3,South_West_Sydney
2025-10-28,11.0,-5.3,2.1,South_West_Sydney
2025-10-29,13.5,-3.5,0.1,South_West_Sydney
2025-10-30,16.5,1.0,2.4,South_West_Sydney
2025-10-31,15.7,1.0,0.0,South_West_Sydney
2025-11-01,19.5,4.8,9.5,South_West_Sydney
2025-11-02,24.4,3.7,0.2,South_West_Sydney
2025-11-03,19.3,8.3,0.0,South_West_Sydney
2025-11-04,8.4,1.2,14.9,South_West_Sydney
2025-11-05,10.0,0.5,23.8,South_West_Sydney
2025-11-06,16.0,2.0,0.0,South_West_Sydney
2025-11-07,20.3,8.0,0.0,South_West_Sydney
2025-11-08,17.6,6.2,9.5,South_West_Sydney
2025-11-09,10.0,1.5,17.0,South_West_Sydney
2025-11-10,14.0,-1.0,0.5,South_West_Sydney
2025-11-11,8.4,4.0,0.0,South_West_Sydney
2025-11-12,11.0,-5.2,22.7,South_West_Sydney
2025-11-13,16.0,2.0,0.0,South_West_Sydney
2025-11-14,17.5,7.5,0.0,South_West_Sydney
2025-11-15,19.0,1.7,3.8,South_West_Sydney
2025-11-16,15.6,5.5,17.0,South_West_Sydney
2025-11-17,11.8,2.9,23.6,South_West_Sydney
2025-11-18,15.0,3.7,1.8,South_West_Sydney
2025-11-19,18.1,9.5,0.0,South_West_Sydney
2025-11-20,17.2,9.9,0.2,South_West_Sydney
2025-11-21,11.5,2.0,1.8,South_West_Sydney
2025-11-22,18.0,4.1,0.3,South_West_Sydney
2025-11-23,17.3,9.6,8.3,South_West_Sydney
2025-11-24,21.5,8.4,7.2,South_West_Sydney
2025-11-25,21.6,10.5,1.5,South_West_Sydney
2025-11-26,16.5,10.8,0.1,South_West_Sydney
2025-11-27,15.0,6.0,2.8,South_West_Sydney
2025-11-28,18.2,8.0,0.0,South_West_Sydney
2025-11-29,12.0,7.4,31.2,South_West_Sydney
2025-11-30,8.5,3.5,30.5,South_West_Sydney
2025-12-01,6.3,2.0,17.7,South_West_Sydney
2025-12-02,13.7,0.5,13.5,South_West_Sydney
2025-12-03,18.6,2.8,0.0,South_West_Sydney
2025-12-04,22.5,3.7,0.0,South_West_Sydney
2025-12-05,26.0,11.5,0.0,South_West_Sydney
2025-12-06,21.6,13.7,0.1,South_West_Sydney
2025-12-07,16.2,4.2,6.4,South_West_Sydney
2025-12-08,20.0,1.5,0.0,South_West_Sydney
2025-12-09,22.6,8.0,0.0,South_West_Sydney
2025-12-10,22.3,6.5,0.0,South_West_Sydney
2025-12-11,21.6,8.8,2.9,South_West_Sydney
2025-12-12,21.3,4.7,0.0,South_West_Sydney
2025-12-13,21.5,5.7,0.0,South_West_Sydney
2025-12-14,18.4,8.0,0.0,South_West_Sydney
2025-12-15,18.2,1.7,0.0,South_West_Sydney
2025-12-16,23.5,-0.2,0.0,South_West_Sydney
2025-12-17,26.1,4.2,0.0,South_West_Sydney
2025-12-18,28.3,9.5,0.0,South_West_Sydney
2025-12-19,27.8,7.8,0.0,South_West_Sydney
2025-12-20,23.7,13.1,7.5,South_West_Sydney
2025-12-21,19.5,14.0,0.5,South_West_Sydney
2025-12-22,19.0,8.4,36.7,South_West_Sydney
2025-12-23,19.1,8.1,0.0,South_West_Sydney
2025-12-24,19.3,5.0,0.0,South_West_Sydney
2025-12-25,13.5,3.0,0.0,South_West_Sydney
2025-12-26,12.8,-2.5,0.0,South_West_Sydney
2025-12-27,17.8,-5.0,0.0,South_West_Sydney
2025-12-28,22.0,-2.5,0.0,South_West_Sydney
2025-12-29,25.7,2.7,0.0,South_West_Sydney
2025-12-30,26.0,4.2,0.0,South_West_Sydney
2025-12-31,22.0,7.8,3.4,South_West_Sydney
2026-01-01,14.8,6.2,0.5,South_West_Sydney
2026-01-02,22.7,2.6,0.0,South_West_Sydney
2026-01-03,23.8,5.0,0.0,South_West_Sydney
2026-01-04,24.0,6.6,0.0,South_West_Sydney
2026-01-05,24.2,5.0,0.0,South_West_Sydney
2026-01-06,26.8,6.8,0.0,South_West_Sydney
2026-01-07,28.7,8.7,0.0,South_West_Sydney
2026-01-08,30.3,10.0,0.0,South_West_Sydney
2026-01-09,29.2,9.5,0.0,South_West_Sydney
2026-01-10,24.4,18.0,0.0,South_West_Sydney
2026-01-11,20.0,4.0,0.0,South_West_Sydney
2026-01-12,24.5,7.3,0.0,South_West_Sydney
2026-01-13,25.3,7.0,0.0,South_West_Sydney
2026-01-14,26.0,7.5,0.0,South_West_Sydney
2026-01-15,25.0,13.6,0.0,South_West_Sydney
2026-01-16,13.0,8.6,16.8,South_West_Sydney
2026-01-17,14.0,7.8,24.4,South_West_Sydney
2026-01-18,13.3,6.8,5.2,South_West_Sydney
2026-01-19,21.7,2.8,1.0,South_West_Sydney
2026-01-20,21.5,8.2,0.0,South_West_Sydney
2026-01-21,21.1,3.7,0.0,South_West_Sydney
2026-01-22,16.5,6.2,0.2,South_West_Sydney
2026-01-23,22.4,3.0,0.0,South_West_Sydney
2026-01-24,25.5,4.6,0.0,South_West_Sydney
2026-01-25,30.0,7.9,0.0,South_West_Sydney
2026-01-26,28.1,6.0,0.0,South_West_Sydney
2026-01-27,31.0,4.8,0.0,South_West_Sydney
2026-01-28,33.5,11.7,0.0,South_West_Sydney
2026-01-29,30.2,11.5,1.0,South_West_Sydney
2026-01-30,31.4,12.0,0.0,South_West_Sydney
2026-01-31,31.3,11.5,0.0,South_West_Sydney
2026-02-01,21.2,14.0,9.8,South_West_Sydney
2026-02-02,16.2,0.4,1.0,South_West_Sydney
2026-02-03,21.0,-1.8,0.0,South_West_Sydney
2026-02-04,24.0,2.0,0.0,South_West_Sydney
2026-02-05,27.2,8.0,0.0,South_West_Sydney
2026-02-06,27.4,4.6,0.0,South_West_Sydney
2026-02-07,26.4,2.1,0.0,South_West_Sydney
2026-02-08,20.5,12.0,1.0,South_West_Sydney
2026-02-09,25.0,10.2,6.0,South_West_Sydney
2026-02-10,25.4,10.2,8.5,South_West_Sydney
2026-02-11,25.0,10.9,0.0,South_West_Sydney
2026-02-12,15.8,13.0,29.0,South_West_Sydney
2026-02-13,19.0,2.0,0.0,South_West_Sydney
2026-02-14,21.1,2.0,0.0,South_West_Sydney
2026-02-15,21.0,4.6,0.0,South_West_Sydney
2026-02-16,23.6,3.0,0.0,South_West_Sydney
2026-02-17,23.0,3.0,0.0,South_West_Sydney
2026-02-18,23.0,14.0,0.6,South_West_Sydney
2026-02-19,26.0,1.7,0.0,South_West_Sydney
2026-02-20,25.2,4.0,0.0,South_West_Sydney
2026-02-21,27.3,5.0,0.0,South_West_Sydney
2026-02-22,24.0,6.0,0.0,South_West_Sydney
2026-02-23,25.5,14.2,65.4,South_West_Sydney
2026-02-24,25.8,11.3,0.0,South_West_Sydney
2026-02-25,19.0,14.5,21.0,South_West_Sydney
2026-02-26,15.0,11.5,7.1,South_West_Sydney
2026-02-27,19.2,10.5,0.0,South_West_Sydney
2026-02-28,22.0,5.5,27.0,South_West_Sydney
2025-09-01,20.4,4.3,0.2,Hunter
2025-09-02,21.7,9.0,0.2,Hunter
2025-09-03,22.6,4.8,0.0,Hunter
2025-09-04,24.6,9.8,0.0,Hunter
2025-09-05,20.2,7.3,0.0,Hunter
2025-09-06,21.9,10.9,0.0,Hunter
2025-09-07,27.0,7.6,0.0,Hunter
2025-09-08,27.0,12.4,0.0,Hunter
2025-09-09,26.1,13.2,4.0,Hunter
2025-09-10,17.3,14.3,11.4,Hunter
2025-09-11,18.8,10.3,22.0,Hunter
2025-09-12,21.5,7.7,0.0,Hunter
2025-09-13,22.1,8.5,0.0,Hunter
2025-09-14,24.9,8.0,0.0,Hunter
2025-09-15,27.5,6.8,0.0,Hunter
2025-09-16,29.3,11.9,0.0,Hunter
2025-09-17,26.2,15.6,0.0,Hunter
2025-09-18,22.1,7.7,0.0,Hunter
2025-09-19,25.7,7.1,0.0,Hunter
2025-09-20,22.5,14.8,0.0,Hunter
2025-09-21,23.3,5.8,0.0,Hunter
2025-09-22,23.2,7.4,0.0,Hunter
2025-09-23,19.4,6.0,0.2,Hunter
2025-09-24,26.9,5.0,0.0,Hunter
2025-09-25,26.6,8.0,0.0,Hunter
2025-09-26,29.1,12.2,0.0,Hunter
2025-09-27,27.3,13.3,0.0,Hunter
2025-09-28,27.2,11.3,0.0,Hunter
2025-09-29,25.6,15.5,0.4,Hunter
2025-09-30,30.8,13.1,0.0,Hunter
2025-10-01,26.6,14.5,0.0,Hunter
2025-10-02,25.7,7.8,0.0,Hunter
2025-10-03,26.5,7.2,0.0,Hunter
2025-10-04,26.1,8.3,0.0,Hunter
2025-10-05,31.6,10.9,0.0,Hunter
2025-10-06,32.8,14.3,0.0,Hunter
2025-10-07,23.9,14.4,2.2,Hunter
2025-10-08,32.4,13.4,0.0,Hunter
2025-10-09,29.7,19.2,0.0,Hunter
2025-10-10,31.2,14.2,0.0,Hunter
2025-10-11,31.4,11.1,0.0,Hunter
2025-10-12,33.0,11.5,0.0,Hunter
2025-10-13,25.8,12.1,0.0,Hunter
2025-10-14,28.9,10.8,0.0,Hunter
2025-10-15,30.2,12.1,0.0,Hunter
2025-10-16,34.4,12.6,0.0,Hunter
2025-10-17,36.8,15.4,0.0,Hunter
2025-10-18,27.3,15.3,0.6,Hunter
2025-10-19,30.4,14.5,0.0,Hunter
2025-10-20,39.0,14.2,0.0,Hunter
2025-10-21,28.9,16.7,0.0,Hunter
2025-10-22,39.5,16.0,0.0,Hunter
2025-10-23,25.6,15.9,0.0,Hunter
2025-10-24,28.1,14.8,0.0,Hunter
2025-10-25,26.8,13.3,0.0,Hunter
2025-10-26,28.9,14.5,0.0,Hunter
2025-10-27,27.5,14.8,0.0,Hunter
2025-10-28,15.9,12.2,0.0,Hunter
2025-10-29,19.6,11.7,3.4,Hunter
2025-10-30,26.8,12.4,2.4,Hunter
2025-10-31,28.4,13.8,0.0,Hunter
2025-11-01,22.9,14.9,15.0,Hunter
2025-11-02,26.9,14.5,6.0,Hunter
2025-11-03,34.9,16.7,0.0,Hunter
2025-11-04,23.3,16.6,12.0,Hunter
2025-11-05,27.1,11.2,0.0,Hunter
2025-11-06,28.8,10.1,0.0,Hunter
2025-11-07,31.0,15.6,0.0,Hunter
2025-11-08,35.4,17.7,0.0,Hunter
2025-11-09,25.1,14.3,0.0,Hunter
2025-11-10,27.3,12.2,0.0,Hunter
2025-11-11,28.7,11.7,0.0,Hunter
2025-11-12,26.2,7.5,0.0,Hunter
2025-11-13,31.6,8.5,0.0,Hunter
2025-11-14,28.4,16.5,0.0,Hunter
2025-11-15,32.9,16.5,0.0,Hunter
2025-11-16,32.0,18.7,6.0,Hunter
2025-11-17,24.7,15.4,0.2,Hunter
2025-11-18,31.1,10.4,0.0,Hunter
2025-11-19,35.4,13.0,0.0,Hunter
2025-11-20,30.2,15.6,0.0,Hunter
2025-11-21,19.2,14.8,0.4,Hunter
2025-11-22,23.1,15.4,0.6,Hunter
2025-11-23,34.2,18.2,7.8,Hunter
2025-11-24,29.2,16.6,0.2,Hunter
2025-11-25,37.2,17.4,0.0,Hunter
2025-11-26,36.4,18.7,0.0,Hunter
2025-11-27,32.7,15.2,1.0,Hunter
2025-11-28,34.4,15.8,0.0,Hunter
2025-11-29,33.3,18.1,0.0,Hunter
2025-11-30,29.3,17.4,0.0,Hunter
2025-12-01,25.8,11.3,0.0,Hunter
2025-12-02,26.0,12.3,0.0,Hunter
2025-12-03,31.6,12.2,0.0,Hunter
2025-12-04,37.0,13.8,0.0,Hunter
2025-12-05,40.5,14.5,0.0,Hunter
2025-12-06,41.7,17.4,0.0,Hunter
2025-12-07,24.8,22.6,0.0,Hunter
2025-12-08,32.3,16.2,0.0,Hunter
2025-12-09,38.3,16.5,0.0,Hunter
2025-12-10,30.4,19.4,0.0,Hunter
2025-12-11,25.0,18.5,1.8,Hunter
2025-12-12,23.6,17.6,12.8,Hunter
2025-12-13,30.0,16.3,1.6,Hunter
2025-12-14,34.9,18.1,11.6,Hunter
2025-12-15,27.6,18.0,0.2,Hunter
2025-12-16,22.7,15.7,3.2,Hunter
2025-12-17,31.3,16.4,0.0,Hunter
2025-12-18,39.6,17.5,0.2,Hunter
2025-12-19,41.9,19.9,0.0,Hunter
2025-12-20,34.0,21.8,6.2,Hunter
2025-12-21,39.2,22.9,0.2,Hunter
2025-12-22,34.3,23.9,0.0,Hunter
2025-12-23,34.1,19.1,0.0,Hunter
2025-12-24,35.8,16.4,0.0,Hunter
2025-12-25,27.1,18.2,0.0,Hunter
2025-12-26,18.5,13.9,1.8,Hunter
2025-12-27,25.5,12.6,0.0,Hunter
2025-12-28,25.5,14.4,0.0,Hunter
2025-12-29,27.6,12.3,0.0,Hunter
2025-12-30,31.8,12.4,0.0,Hunter
2025-12-31,27.1,15.0,0.0,Hunter
2026-01-01,21.4,17.5,0.2,Hunter
2026-01-02,23.1,17.5,0.0,Hunter
2026-01-03,31.3,16.6,0.2,Hunter
2026-01-04,34.4,18.1,0.2,Hunter
2026-01-05,31.3,16.3,11.2,Hunter
2026-01-06,33.2,18.3,2.8,Hunter
2026-01-07,38.4,19.0,0.2,Hunter
2026-01-08,42.1,18.9,0.0,Hunter
2026-01-09,42.5,18.5,0.0,Hunter
2026-01-10,42.5,19.8,0.0,Hunter
2026-01-11,21.7,20.0,0.0,Hunter
2026-01-12,21.5,16.0,8.0,Hunter
2026-01-13,31.3,18.4,6.4,Hunter
2026-01-14,27.8,21.2,0.0,Hunter
2026-01-15,29.4,20.3,0.6,Hunter
2026-01-16,29.3,19.1,3.0,Hunter
2026-01-17,24.4,19.9,1.8,Hunter
2026-01-18,23.4,18.2,105.0,Hunter
2026-01-19,24.7,17.1,4.8,Hunter
2026-01-20,26.6,16.8,4.2,Hunter
2026-01-21,29.0,15.9,0.2,Hunter
2026-01-22,28.9,16.6,0.0,Hunter
2026-01-23,26.0,16.5,0.0,Hunter
2026-01-24,32.5,17.6,0.0,Hunter
2026-01-25,40.3,17.9,0.0,Hunter
2026-01-26,27.9,20.2,0.0,Hunter
2026-01-27,30.5,18.8,0.0,Hunter
2026-01-28,35.1,15.1,0.0,Hunter
2026-01-29,31.9,20.8,0.0,Hunter
2026-01-30,34.1,19.1,0.0,Hunter
2026-01-31,38.6,20.9,0.0,Hunter
2026-02-01,32.3,22.9,0.8,Hunter
2026-02-02,23.1,16.1,33.0,Hunter
2026-02-03,24.9,15.0,0.4,Hunter
2026-02-04,31.8,16.4,0.0,Hunter
2026-02-05,39.0,18.5,0.0,Hunter
2026-02-06,30.8,19.6,0.2,Hunter
2026-02-07,34.6,19.5,0.8,Hunter
2026-02-08,23.0,20.7,1.8,Hunter
2026-02-09,29.8,20.1,6.0,Hunter
2026-02-10,31.1,20.3,1.6,Hunter
2026-02-11,36.8,20.6,0.0,Hunter
2026-02-12,27.9,21.9,0.0,Hunter
2026-02-13,21.9,16.3,0.2,Hunter
2026-02-14,23.3,16.8,1.0,Hunter
2026-02-15,23.4,16.6,2.6,Hunter
2026-02-16,27.6,16.8,3.6,Hunter
2026-02-17,31.1,16.3,0.0,Hunter
2026-02-18,37.3,17.8,0.0,Hunter
2026-02-19,32.2,20.8,0.0,Hunter
2026-02-20,28.6,21.9,0.0,Hunter
2026-02-21,34.8,22.1,0.0,Hunter
2026-02-22,34.8,21.0,13.0,Hunter
2026-02-23,29.9,22.6,0.8,Hunter
2026-02-24,32.8,21.6,0.0,Hunter
2026-02-25,31.5,19.8,0.0,Hunter
2026-02-26,26.4,19.5,2.6,Hunter
2026-02-27,23.5,19.0,75.4,Hunter
2026-02-28,25.8,20.0,3.4,Hunter
2025-09-01,19.6,3.7,0.0,Wollongong
2025-09-02,20.9,3.1,0.0,Wollongong
2025-09-03,24.3,4.2,0.0,Wollongong
2025-09-04,26.3,8.3,0.0,Wollongong
2025-09-05,26.1,9.5,0.0,Wollongong
2025-09-06,31.1,10.9,0.0,Wollongong
2025-09-07,29.8,18.4,0.0,Wollongong
2025-09-08,31.5,14.2,0.0,Wollongong
2025-09-09,26.1,16.6,0.0,Wollongong
2025-09-10,16.5,13.6,24.0,Wollongong
2025-09-11,17.9,9.3,0.4,Wollongong
2025-09-12,18.8,5.4,0.0,Wollongong
2025-09-13,20.1,5.6,0.0,Wollongong
2025-09-14,23.8,6.9,0.0,Wollongong
2025-09-15,29.6,8.6,0.0,Wollongong
2025-09-16,30.4,19.8,0.0,Wollongong
2025-09-17,21.2,10.8,0.0,Wollongong
2025-09-18,24.9,6.9,0.0,Wollongong
2025-09-19,21.9,12.1,0.4,Wollongong
2025-09-20,19.4,8.8,0.4,Wollongong
2025-09-21,22.5,5.8,0.0,Wollongong
2025-09-22,20.7,10.0,0.0,Wollongong
2025-09-23,20.7,6.1,0.0,Wollongong
2025-09-24,24.5,6.3,0.0,Wollongong
2025-09-25,28.8,9.0,0.0,Wollongong
2025-09-26,31.5,14.1,0.0,Wollongong
2025-09-27,30.9,10.9,0.0,Wollongong
2025-09-28,24.7,13.4,0.0,Wollongong
2025-09-29,29.1,9.1,0.0,Wollongong
2025-09-30,31.8,17.3,0.0,Wollongong
2025-10-01,24.4,9.3,0.0,Wollongong
2025-10-02,22.2,10.6,0.0,Wollongong
2025-10-03,24.4,7.2,0.0,Wollongong
2025-10-04,30.1,7.5,0.0,Wollongong
2025-10-05,35.2,10.6,0.0,Wollongong
2025-10-06,29.1,16.6,0.0,Wollongong
2025-10-07,26.3,14.9,0.0,Wollongong
2025-10-08,31.4,14.6,0.0,Wollongong
2025-10-09,25.8,18.2,0.0,Wollongong
2025-10-10,29.6,11.7,0.0,Wollongong
2025-10-11,33.2,10.2,0.0,Wollongong
2025-10-12,19.6,15.5,0.2,Wollongong
2025-10-13,25.2,9.8,10.2,Wollongong
2025-10-14,28.8,10.2,0.0,Wollongong
2025-10-15,31.4,10.8,0.0,Wollongong
2025-10-16,36.8,13.8,0.0,Wollongong
2025-10-17,33.0,19.5,0.0,Wollongong
2025-10-18,30.6,15.0,0.0,Wollongong
2025-10-19,36.4,14.4,0.0,Wollongong
2025-10-20,41.8,19.6,0.0,Wollongong
2025-10-21,39.4,21.0,0.0,Wollongong
2025-10-22,31.1,22.4,0.0,Wollongong
2025-10-23,24.5,10.5,0.0,Wollongong
2025-10-24,27.7,9.6,0.0,Wollongong
2025-10-25,30.4,18.1,0.0,Wollongong
2025-10-26,33.4,19.4,0.4,Wollongong
2025-10-27,24.6,15.0,0.0,Wollongong
2025-10-28,23.3,11.5,6.0,Wollongong
2025-10-29,27.0,9.8,0.0,Wollongong
2025-10-30,32.1,11.6,0.0,Wollongong
2025-10-31,38.2,16.0,0.0,Wollongong
2025-11-01,33.2,17.0,0.2,Wollongong
2025-11-02,38.2,13.5,0.0,Wollongong
2025-11-03,23.7,14.5,1.4,Wollongong
2025-11-04,23.6,9.9,0.2,Wollongong
2025-11-05,25.8,8.2,0.0,Wollongong
2025-11-06,31.5,10.3,0.0,Wollongong
2025-11-07,38.8,16.4,0.0,Wollongong
2025-11-08,25.4,15.2,0.0,Wollongong
2025-11-09,25.0,10.5,0.0,Wollongong
2025-11-10,27.0,10.7,0.0,Wollongong
2025-11-11,23.9,11.3,0.0,Wollongong
2025-11-12,27.1,6.6,0.0,Wollongong
2025-11-13,33.3,10.2,0.0,Wollongong
2025-11-14,36.1,17.3,0.0,Wollongong
2025-11-15,36.4,20.1,0.0,Wollongong
2025-11-16,30.1,15.3,0.0,Wollongong
2025-11-17,25.4,14.8,0.0,Wollongong
2025-11-18,30.6,11.5,0.0,Wollongong
2025-11-19,34.9,14.0,0.0,Wollongong
2025-11-20,30.9,20.4,0.0,Wollongong
2025-11-21,29.1,14.2,0.0,Wollongong
2025-11-22,32.0,14.1,0.0,Wollongong
2025-11-23,39.5,15.4,0.0,Wollongong
2025-11-24,41.7,21.7,0.0,Wollongong
2025-11-25,36.1,23.6,0.0,Wollongong
2025-11-26,36.4,21.5,0.0,Wollongong
2025-11-27,30.2,17.6,0.0,Wollongong
2025-11-28,36.3,17.3,0.0,Wollongong
2025-11-29,28.4,16.4,0.0,Wollongong
2025-11-30,26.6,13.0,0.0,Wollongong
2025-12-01,25.0,12.9,0.0,Wollongong
2025-12-02,26.3,9.2,1.2,Wollongong
2025-12-03,32.8,12.2,0.0,Wollongong
2025-12-04,38.4,14.8,0.0,Wollongong
2025-12-05,42.8,22.1,0.0,Wollongong
2025-12-06,41.4,23.3,0.0,Wollongong
2025-12-07,28.7,16.3,0.0,Wollongong
2025-12-08,35.1,10.8,0.0,Wollongong
2025-12-09,38.6,16.0,0.0,Wollongong
2025-12-10,39.6,23.4,0.0,Wollongong
2025-12-11,39.0,21.5,0.0,Wollongong
2025-12-12,39.4,22.4,0.0,Wollongong
2025-12-13,33.2,27.5,0.0,Wollongong
2025-12-14,33.5,18.1,3.6,Wollongong
2025-12-15,29.5,17.7,0.0,Wollongong
2025-12-16,32.8,15.3,0.0,Wollongong
2025-12-17,40.6,16.4,0.0,Wollongong
2025-12-18,41.2,24.5,0.0,Wollongong
2025-12-19,42.0,27.9,0.0,Wollongong
2025-12-20,41.1,26.3,0.2,Wollongong
2025-12-21,35.0,22.6,9.0,Wollongong
2025-12-22,28.3,16.9,29.2,Wollongong
2025-12-23,29.6,16.2,0.0,Wollongong
2025-12-24,31.4,16.6,0.0,Wollongong
2025-12-25,29.1,18.8,0.0,Wollongong
2025-12-26,28.6,16.3,0.0,Wollongong
2025-12-27,31.3,15.3,0.0,Wollongong
2025-12-28,35.8,16.1,0.0,Wollongong
2025-12-29,37.3,18.6,0.0,Wollongong
2025-12-30,39.3,19.2,0.0,Wollongong
2025-12-31,34.7,22.4,0.0,Wollongong
2026-01-01,33.1,14.2,0.0,Wollongong
2026-01-02,36.9,16.9,0.0,Wollongong
2026-01-03,39.4,19.9,0.0,Wollongong
2026-01-04,41.3,23.7,0.0,Wollongong
2026-01-05,39.5,25.2,0.0,Wollongong
2026-01-06,40.4,20.2,0.0,Wollongong
2026-01-07,42.4,23.2,0.0,Wollongong
2026-01-08,43.3,29.0,0.0,Wollongong
2026-01-09,43.8,25.1,0.0,Wollongong
2026-01-10,36.9,27.5,0.0,Wollongong
2026-01-11,31.4,20.3,0.0,Wollongong
2026-01-12,35.7,16.2,0.0,Wollongong
2026-01-13,39.1,18.7,0.0,Wollongong
2026-01-14,40.2,21.2,0.0,Wollongong
2026-01-15,37.6,20.0,0.0,Wollongong
2026-01-16,33.5,21.1,0.0,Wollongong
2026-01-17,37.5,18.4,0.0,Wollongong
2026-01-18,37.0,22.9,0.0,Wollongong
2026-01-19,38.8,25.0,0.0,Wollongong
2026-01-20,39.4,24.3,0.0,Wollongong
2026-01-21,37.9,20.5,0.0,Wollongong
2026-01-22,32.1,20.4,0.0,Wollongong
2026-01-23,37.2,17.0,0.0,Wollongong
2026-01-24,42.8,18.4,0.0,Wollongong
2026-01-25,45.9,24.3,0.0,Wollongong
2026-01-26,47.9,25.0,0.0,Wollongong
2026-01-27,48.7,26.6,0.0,Wollongong
2026-01-28,48.5,29.3,0.0,Wollongong
2026-01-29,48.3,28.1,0.0,Wollongong
2026-01-30,47.5,31.2,0.0,Wollongong
2026-01-31,47.8,33.1,0.0,Wollongong
2026-02-01,28.3,26.6,0.0,Wollongong
2026-02-02,29.6,16.2,0.0,Wollongong
2026-02-03,33.6,16.6,0.0,Wollongong
2026-02-04,39.4,20.9,0.0,Wollongong
2026-02-05,41.4,25.1,0.0,Wollongong
2026-02-06,38.9,22.3,0.0,Wollongong
2026-02-07,26.7,26.1,0.0,Wollongong
2026-02-08,29.2,20.7,44.4,Wollongong
2026-02-09,34.0,21.1,0.4,Wollongong
2026-02-10,36.9,23.5,0.0,Wollongong
2026-02-11,39.8,25.0,0.0,Wollongong
2026-02-12,29.5,23.1,0.0,Wollongong
2026-02-13,30.4,15.6,0.0,Wollongong
2026-02-14,34.9,18.3,0.0,Wollongong
2026-02-15,33.3,20.8,0.0,Wollongong
2026-02-16,34.7,19.2,0.0,Wollongong
2026-02-17,35.2,20.4,0.0,Wollongong
2026-02-18,33.1,21.6,0.0,Wollongong
2026-02-19,34.3,18.4,0.0,Wollongong
2026-02-20,40.3,19.5,0.0,Wollongong
2026-02-21,39.7,24.3,0.0,Wollongong
2026-02-22,39.4,25.6,2.2,Wollongong
2026-02-23,35.1,23.2,0.6,Wollongong
2026-02-24,30.4,24.6,0.0,Wollongong
2026-02-25,23.1,20.5,30.2,Wollongong
2026-02-26,28.3,19.8,19.2,Wollongong
2026-02-27,34.5,23.0,0.0,Wollongong
2026-02-28,35.1,22.4,0.0,Wollongong
2025-09-01,15.9,-3.6,0.2,Canberra
2025-09-02,16.2,1.6,0.0,Canberra
2025-09-03,16.3,1.4,0.0,Canberra
2025-09-04,17.5,7.8,0.0,Canberra
2025-09-05,16.0,-2.2,0.0,Canberra
2025-09-06,19.4,-0.8,0.0,Canberra
2025-09-07,21.0,1.8,0.0,Canberra
2025-09-08,22.3,11.6,0.6,Canberra
2025-09-09,21.6,9.9,0.0,Canberra
2025-09-10,10.9,3.8,0.0,Canberra
2025-09-11,15.8,4.8,46.0,Canberra
2025-09-12,16.2,-1.7,2.6,Canberra
2025-09-13,17.9,-0.9,0.0,Canberra
2025-09-14,17.9,0.2,0.0,Canberra
2025-09-15,20.9,3.9,0.0,Canberra
2025-09-16,21.2,4.3,0.0,Canberra
2025-09-17,16.7,7.7,8.8,Canberra
2025-09-18,16.7,-0.7,0.0,Canberra
2025-09-19,19.0,-0.1,0.0,Canberra
2025-09-20,14.3,9.1,12.8,Canberra
2025-09-21,16.0,4.7,0.0,Canberra
2025-09-22,16.2,7.6,0.0,Canberra
2025-09-23,15.7,-3.1,0.0,Canberra
2025-09-24,19.5,0.3,0.0,Canberra
2025-09-25,18.1,6.6,0.0,Canberra
2025-09-26,22.7,6.5,0.0,Canberra
2025-09-27,24.1,9.4,0.0,Canberra
2025-09-28,22.2,4.2,0.0,Canberra
2025-09-29,20.3,6.0,0.0,Canberra
2025-09-30,24.9,2.3,0.0,Canberra
2025-10-01,17.1,8.4,0.0,Canberra
2025-10-02,15.3,8.6,0.0,Canberra
2025-10-03,16.7,6.3,0.0,Canberra
2025-10-04,22.6,1.7,0.0,Canberra
2025-10-05,25.2,1.6,0.0,Canberra
2025-10-06,23.8,11.5,0.0,Canberra
2025-10-07,18.5,0.7,0.0,Canberra
2025-10-08,24.1,1.3,0.0,Canberra
2025-10-09,19.9,11.0,5.0,Canberra
2025-10-10,22.9,4.7,0.6,Canberra
2025-10-11,22.6,11.6,0.0,Canberra
2025-10-12,22.3,3.1,0.0,Canberra
2025-10-13,18.8,7.6,0.0,Canberra
2025-10-14,21.9,-1.8,0.0,Canberra
2025-10-15,25.1,1.1,0.0,Canberra
2025-10-16,27.6,4.3,0.0,Canberra
2025-10-17,29.1,7.4,0.0,Canberra
2025-10-18,25.0,8.7,0.0,Canberra
2025-10-19,26.0,6.2,0.0,Canberra
2025-10-20,32.0,7.6,0.0,Canberra
2025-10-21,25.6,10.7,0.0,Canberra
2025-10-22,25.6,13.2,2.6,Canberra
2025-10-23,22.2,6.8,2.4,Canberra
2025-10-24,21.7,5.1,0.2,Canberra
2025-10-25,21.4,4.0,0.0,Canberra
2025-10-26,17.1,7.2,0.0,Canberra
2025-10-27,20.2,9.7,7.4,Canberra
2025-10-28,12.9,-0.2,1.6,Canberra
2025-10-29,15.3,7.1,0.0,Canberra
2025-10-30,22.7,11.0,1.4,Canberra
2025-10-31,24.5,10.7,0.2,Canberra
2025-11-01,27.1,8.5,0.4,Canberra
2025-11-02,28.7,8.1,4.2,Canberra
2025-11-03,27.0,10.8,0.2,Canberra
2025-11-04,12.9,8.8,1.4,Canberra
2025-11-05,18.4,6.3,6.2,Canberra
2025-11-06,23.8,2.1,0.0,Canberra
2025-11-07,28.7,8.7,0.0,Canberra
2025-11-08,29.1,10.7,0.4,Canberra
2025-11-09,19.2,6.7,0.2,Canberra
2025-11-10,23.5,2.8,0.6,Canberra
2025-11-11,20.0,2.1,0.0,Canberra
2025-11-12,21.5,-2.3,1.0,Canberra
2025-11-13,26.0,0.7,0.0,Canberra
2025-11-14,27.5,9.4,0.0,Canberra
2025-11-15,31.8,12.4,0.0,Canberra
2025-11-16,25.8,11.3,1.2,Canberra
2025-11-17,18.3,8.8,0.2,Canberra
2025-11-18,25.5,8.1,0.0,Canberra
2025-11-19,29.4,6.3,0.0,Canberra
2025-11-20,30.0,9.8,0.0,Canberra
2025-11-21,16.0,11.2,0.0,Canberra
2025-11-22,17.6,12.6,0.0,Canberra
2025-11-23,27.4,14.2,19.4,Canberra
2025-11-24,28.4,9.6,0.0,Canberra
2025-11-25,31.1,14.1,0.0,Canberra
2025-11-26,27.0,10.4,1.4,Canberra
2025-11-27,24.9,11.3,0.2,Canberra
2025-11-28,27.0,4.2,0.0,Canberra
2025-11-29,22.9,11.8,0.0,Canberra
2025-11-30,19.6,5.3,1.4,Canberra
2025-12-01,19.0,7.4,0.4,Canberra
2025-12-02,21.9,-0.3,0.0,Canberra
2025-12-03,27.9,3.2,0.0,Canberra
2025-12-04,31.4,6.4,0.0,Canberra
2025-12-05,36.0,12.9,0.0,Canberra
2025-12-06,34.9,15.4,0.0,Canberra
2025-12-07,25.8,14.8,0.4,Canberra
2025-12-08,28.1,9.5,0.2,Canberra
2025-12-09,33.7,7.5,0.0,Canberra
2025-12-10,33.1,12.7,0.0,Canberra
2025-12-11,23.9,11.0,0.0,Canberra
2025-12-12,23.6,14.3,0.0,Canberra
2025-12-13,23.3,8.7,1.6,Canberra
2025-12-14,27.2,12.9,4.2,Canberra
2025-12-15,27.2,5.9,0.0,Canberra
2025-12-16,26.1,12.5,0.0,Canberra
2025-12-17,33.7,11.8,0.0,Canberra
2025-12-18,37.4,13.6,0.0,Canberra
2025-12-19,39.4,13.2,0.0,Canberra
2025-12-20,34.0,17.1,3.6,Canberra
2025-12-21,28.4,15.9,0.8,Canberra
2025-12-22,27.5,13.0,21.2,Canberra
2025-12-23,27.9,11.8,0.0,Canberra
2025-12-24,29.0,6.7,0.0,Canberra
2025-12-25,27.6,7.6,0.0,Canberra
2025-12-26,22.1,7.4,0.0,Canberra
2025-12-27,26.0,6.5,0.0,Canberra
2025-12-28,26.1,7.9,0.0,Canberra
2025-12-29,29.7,4.7,0.0,Canberra
2025-12-30,34.6,8.4,0.0,Canberra
2025-12-31,28.1,12.9,5.4,Canberra
2026-01-01,20.8,11.7,1.2,Canberra
2026-01-02,26.6,5.3,0.0,Canberra
2026-01-03,31.8,13.3,0.2,Canberra
2026-01-04,32.0,14.0,1.2,Canberra
2026-01-05,33.4,9.6,5.8,Canberra
2026-01-06,33.5,11.7,0.2,Canberra
2026-01-07,37.4,15.0,0.0,Canberra
2026-01-08,39.0,16.0,0.0,Canberra
2026-01-09,39.2,17.3,0.0,Canberra
2026-01-10,37.2,22.9,0.0,Canberra
2026-01-11,23.5,16.1,0.0,Canberra
2026-01-12,26.4,12.0,0.0,Canberra
2026-01-13,33.2,15.5,0.0,Canberra
2026-01-14,32.9,15.8,0.0,Canberra
2026-01-15,28.4,17.8,5.4,Canberra
2026-01-16,25.8,12.3,0.0,Canberra
2026-01-17,20.6,14.5,0.0,Canberra
2026-01-18,23.3,13.6,0.0,Canberra
2026-01-19,23.1,11.0,0.0,Canberra
2026-01-20,23.1,12.8,0.0,Canberra
2026-01-21,31.6,14.2,0.0,Canberra
2026-01-22,27.3,12.8,0.0,Canberra
2026-01-23,27.6,5.8,0.0,Canberra
2026-01-24,35.0,10.8,0.0,Canberra
2026-01-25,39.4,11.8,0.0,Canberra
2026-01-26,30.4,13.7,0.0,Canberra
2026-01-27,35.2,10.7,0.0,Canberra
2026-01-28,42.6,14.7,0.0,Canberra
2026-01-29,34.7,17.6,0.0,Canberra
2026-01-30,40.2,18.9,0.0,Canberra
2026-01-31,41.8,18.2,0.0,Canberra
2026-02-01,31.8,21.3,0.0,Canberra
2026-02-02,22.8,8.5,0.8,Canberra
2026-02-03,24.6,5.4,0.0,Canberra
2026-02-04,32.9,8.9,0.0,Canberra
2026-02-05,36.6,13.5,0.0,Canberra
2026-02-06,37.1,11.1,0.0,Canberra
2026-02-07,36.2,12.2,0.0,Canberra
2026-02-08,20.6,16.7,28.4,Canberra
2026-02-09,29.8,16.8,4.0,Canberra
2026-02-10,32.4,15.0,1.6,Canberra
2026-02-11,33.7,14.5,0.2,Canberra
2026-02-12,28.1,18.3,3.4,Canberra
2026-02-13,23.6,11.9,0.2,Canberra
2026-02-14,22.6,11.3,0.0,Canberra
2026-02-15,26.1,9.3,0.0,Canberra
2026-02-16,26.6,11.9,0.0,Canberra
2026-02-17,29.8,10.8,0.0,Canberra
2026-02-18,30.4,16.8,0.0,Canberra
2026-02-19,32.4,11.4,0.0,Canberra
2026-02-20,33.2,16.8,0.0,Canberra
2026-02-21,33.9,15.4,0.0,Canberra
2026-02-22,27.1,15.4,0.0,Canberra
2026-02-23,31.3,17.7,6.6,Canberra
2026-02-24,33.7,17.9,0.0,Canberra
2026-02-25,31.3,18.1,0.0,Canberra
2026-02-26,23.6,17.2,7.6,Canberra
2026-02-27,24.1,16.2,0.0,Canberra
2026-02-28,24.6,16.1,0.6,Canberra
